TIME,SEGMENT_NO,DURATION,BYTES,CRF,QUALITY_INDEX,RESOLUTION,BITRATE,CURRENT_THROUGHPUT,VMAF,REBUF,BUFFER_STATE,DELAY,REWARD,BITRATE_LIST
0,0,4000,260485,23,0,"(640, 360)",520.449030520449,78500000.0,70.0,85.0433003626116,4000.0,83.49292658397586,14.986469205000002,"[520.449030520449, 836.166996836167, 1445.1054494451055, 2861.8353028618353]"
4000,1,4000,310145,23,0,"(640, 360)",619.6697106196697,78500000.0,94.977448675,0.0,7910.046565855507,84.1588333892055,15.571409085000022,"[619.6697106196697, 981.0060129810059, 1637.0832796370833, 3337.680981337681]"
8000,2,4000,360801,23,0,"(640, 360)",720.8803987208804,78500000.0,95.95234847500004,0.0,11819.134985053573,84.83809587663426,13.132670157499982,"[720.8803987208804, 1158.4164251584164, 1937.128933937129, 3921.46061792146]"
12000,3,4000,649264,23,1,"(854, 480)",1297.2294732972296,78500000.0,96.0506917083333,0.0,15724.268121020008,88.70618840093866,14.160265391666698,"[821.183994821184, 1297.2294732972296, 2152.2575901522578, 4283.400316283401]"
16000,4,4000,891863,23,2,"(1280, 720)",1781.9422757819423,78500000.0,93.58416616666668,0.0,19630.036279506545,91.95927589674824,13.238117908333315,"[689.9853246899853, 1074.2386870742387, 1781.9422757819423, 3542.6258315426257]"
20000,5,4000,799065,23,2,"(1280, 720)",1596.5318715965318,78500000.0,95.62514759999998,0.0,23541.41902242402,90.7149178679182,12.451372658333346,"[636.9364266369364, 989.931078989931, 1596.5318715965318, 3161.747091161747]"
24000,6,4000,2105498,23,3,"(1920, 1080)",4206.785008206784,78500000.0,94.68298212500002,0.0,27437.56842642897,108.23329534026148,14.232163230000005,"[791.6135947916135, 1336.8418213368416, 2091.060848091061, 4206.785008206784]"
28000,7,4000,2946914,23,3,"(1920, 1080)",5887.934177887934,78500000.0,97.99112998333334,0.0,31328.64830335954,119.51611129735167,15.4914993125,"[1052.856091052856, 1862.0101278620102, 2834.5985668345984, 5887.934177887934]"
32000,8,4000,2357441,23,3,"(1920, 1080)",4710.167122710168,78500000.0,99.932995875,0.0,35222.111466400194,111.61167951726449,14.630746846666645,"[916.4026809164026, 1492.7018054927016, 2397.544058397544, 4710.167122710168]"
36000,9,4000,2097712,23,3,"(1920, 1080)",4191.2285801912285,78500000.0,99.0497664083333,0.0,39114.465585237536,108.12889037881328,15.967118916666657,"[827.4477248274477, 1315.2434413152434, 2103.646250103646, 4191.2285801912285]"
40000,10,4000,2054930,23,3,"(1920, 1080)",4105.75014410575,78500000.0,97.9317539166667,0.0,43000.19529754944,107.5552128729467,15.098932662499976,"[819.4137668194137, 1310.3982913103982, 2086.2776360862777, 4105.75014410575]"
44000,11,4000,2618701,23,3,"(1920, 1080)",5232.164603232165,78500000.0,97.90166749166664,0.0,46885.541284779305,115.11499832383507,14.794825503333339,"[1049.7332170497332, 1730.5577117305577, 2688.8784326888785, 5232.164603232165]"
48000,12,4000,2303994,23,3,"(1920, 1080)",4603.38001660338,78500000.0,99.31333482500001,0.0,50777.0242189877,110.89499161917533,14.358685385833345,"[865.6015328656015, 1474.9835414749837, 2343.8877683438877, 4603.38001660338]"
52000,13,4000,2888604,23,3,"(1920, 1080)",5771.430797771431,78500000.0,98.58142022500002,0.0,54650.309195551075,118.73421387864568,14.894434147499991,"[1113.5932931135933, 1917.4266559174266, 2953.5335129535333, 5771.430797771431]"
56000,14,4000,3706156,23,3,"(1920, 1080)",7404.899695404899,78500000.0,99.70961271666665,0.0,58524.830012722094,129.69702983573583,15.096179097499999,"[1451.5949534515948, 2522.8526245228527, 3825.274899825275, 7404.899695404899]"
60000,15,4000,3439413,23,3,"(1920, 1080)",6871.947180871946,78500000.0,99.92386853333333,0.0,59894.97233212773,126.12018773047268,14.994580723333339,"[1294.5341712945342, 2427.9995724279997, 3477.475047477475, 6871.947180871946]"
64000,16,4000,3345361,23,3,"(1920, 1080)",6684.031284684032,34875000.0,99.94256999166667,0.0,59718.15286897451,181.60506386768742,15.003598404166674,"[1259.9447952599448, 2345.4422123454424, 3396.8337693968338, 6684.031284684032]"
68000,17,4000,2820424,23,3,"(1920, 1080)",5635.207157635207,9125000.0,99.84054025833332,0.0,59775.73548504329,405.35532804614274,15.095340445833344,"[1109.2076831092074, 1845.2029518452027, 2895.3497548953496, 5635.207157635207]"
72000,18,4000,3153016,23,3,"(1920, 1080)",6299.725974299726,15625000.0,99.69445909166666,0.0,59508.893616816735,287.5233800782031,14.982396908333321,"[1238.6281332386282, 2179.1306901791304, 3273.906819273907, 6299.725974299726]"
76000,19,4000,3450347,23,3,"(1920, 1080)",6893.793312893793,48125000.0,99.7162867,0.0,59841.917229189945,155.46897060833905,14.935997120833331,"[1351.599049351599, 2372.1035243721035, 3564.8715635648714, 6893.793312893793]"
80000,20,4000,3305094,23,3,"(1920, 1080)",6603.577818603578,65750000.0,99.84240505,0.0,59709.705545344375,132.9132519511707,14.996261105,"[1183.2116051832115, 2252.9547922529546, 3299.555145299555, 6603.577818603578]"
84000,21,4000,3394360,23,3,"(1920, 1080)",6781.931286781932,9500000.0,99.94648295833333,0.0,59742.128874944116,441.03427908651355,14.923833974999988,"[1249.4473032494475, 2303.556140303556, 3448.094457448094, 6781.931286781932]"
88000,22,4000,3207203,23,3,"(1920, 1080)",6407.991600407991,68625000.0,99.84679079999998,0.0,59612.404811737295,129.1949458345317,15.086044554166676,"[1173.0178091730177, 2123.824052123824, 3217.0157672170158, 6407.991600407991]"
92000,23,4000,2962167,23,3,"(1920, 1080)",5918.40967191841,4625000.0,99.72087680833332,0.0,59509.31207843192,582.2617902173185,15.039289837499972,"[1112.3845031123847, 1977.978043977978, 2964.0210149640207, 5918.40967191841]"
96000,24,4000,3363995,23,3,"(1920, 1080)",6721.262016721262,1125000.0,99.61500192500002,0.0,59757.130942259995,2635.8693650668397,14.997172354166668,"[1341.3353233413352, 2370.6589703706586, 3475.159365475159, 6721.262016721262]"
100000,25,4000,3302514,23,3,"(1920, 1080)",6598.422978598423,12875000.0,99.948766725,0.0,59901.38319974553,350.00625447112924,14.837449767499988,"[1276.6460772766459, 2282.617100282617, 3356.6579853566577, 6598.422978598423]"
104000,26,4000,2856236,23,3,"(1920, 1080)",5706.759533706759,25875000.0,99.66491659999998,0.0,59705.75027980424,194.18148212405367,15.326783633333342,"[1050.9759730509759, 1947.928123947928, 2840.588570840588, 5706.759533706759]"
108000,27,4000,3757576,23,3,"(1920, 1080)",7507.636855507636,34250000.0,99.24396618333331,0.0,59500.15474029881,195.48447176334997,15.002583155000007,"[1413.0095774130095, 2537.9575045379574, 3808.37981180838, 7507.636855507636]"
112000,28,4000,3658024,23,3,"(1920, 1080)",7308.731959308731,32375000.0,99.94845802500001,0.0,59816.898613584,198.93595610648242,15.041509036666671,"[1429.473097429473, 2546.6967565466966, 3739.259001739259, 7308.731959308731]"
116000,29,4000,2625461,23,3,"(1920, 1080)",5245.671083245671,15375000.0,99.94317609166667,0.0,59558.52091882203,259.7491484809585,16.11552631250001,"[1012.4944930124944, 1772.5936337725936, 2647.8574946478575, 5245.671083245671]"
120000,30,4000,2824450,23,3,"(1920, 1080)",5643.251105643251,11375000.0,97.665863425,0.0,59775.81372917118,301.62947155617576,15.016624274999998,"[1121.1397391211397, 1857.121021857121, 2884.1409748841406, 5643.251105643251]"
124000,31,4000,3493656,23,3,"(1920, 1080)",6980.324694980324,1000000.0,99.85310363333335,0.0,59593.76640724296,651.1915012410434,15.1601325575,"[1323.3293473233293, 2496.1553484961555, 3540.292167540292, 6980.324694980324]"
128000,32,4000,3513422,23,3,"(1920, 1080)",7019.817163019818,14625000.0,99.87786483333333,0.0,59779.75935373639,332.87787674313995,14.951184111666668,"[1305.9027913059026, 2441.847710441848, 3515.307177515307, 7019.817163019818]"
132000,33,4000,3030423,23,3,"(1920, 1080)",6054.785160054786,10625000.0,99.89415745833334,0.0,59927.27171658011,380.2276656346749,15.30878000833333,"[1154.718127154718, 2131.1826861311824, 3071.137791071138, 6054.785160054786]"
136000,34,4000,3563691,23,3,"(1920, 1080)",7120.254625120254,13375000.0,99.13816965000001,0.0,59579.48244395246,360.4675651746188,15.070820800000007,"[1375.7488753757489, 2483.591924483592, 3679.0572636790575, 7120.254625120254]"
140000,35,4000,2297157,23,3,"(1920, 1080)",4589.71969058972,14500000.0,99.64667331666666,0.0,59850.009124569355,246.76275862068968,15.36736346666666,"[893.9511548939512, 1572.9574695729573, 2330.1914783301913, 4589.71969058972]"
144000,36,4000,3516967,23,3,"(1920, 1080)",7026.9000730269,14500000.0,97.5416123666667,0.0,59533.31588818855,335.3152087114338,14.857498499999991,"[1412.3842034123843, 2396.6449583966446, 3575.444979575445, 7026.9000730269]"
148000,37,4000,3240179,23,3,"(1920, 1080)",6473.877648473877,15250000.0,99.57834963333335,0.0,59736.55606476145,303.65342536669544,14.87436784333332,"[1273.0736532730737, 2261.5222162615223, 3338.9577033389573, 6473.877648473877]"
152000,38,4000,3008007,23,3,"(1920, 1080)",6009.997992009998,1250000.0,99.38088179999998,0.0,59800.7247781025,1791.5742724793708,14.924392156666661,"[1148.4603911484603, 1931.2767919312766, 3086.68023308668, 6009.997992009998]"
156000,39,4000,897023,23,3,"(1920, 1080)",1792.251955792252,3125000.0,99.80371186666666,0.0,59968.93718141343,335.1423725141744,15.991478945833343,"[340.22543434022543, 535.1962685351962, 932.9880789329881, 1792.251955792252]"
