episode,total_reward,duration_sec,steps,avg_reward_per_step,avg_reward_per_sec
0,615.7138,553.69,38,16.2030,1.1120
1,497.9610,513.83,32,15.5613,0.9691
2,567.4424,556.98,37,15.3363,1.0188
3,512.6680,530.48,34,15.0785,0.9664
4,521.6757,538.95,36,14.4910,0.9680
5,508.3421,553.61,33,15.4043,0.9182
6,574.9244,559.71,36,15.9701,1.0272
7,-920.1656,520.99,33,-27.8838,-1.7662
8,499.2531,547.26,33,15.1289,0.9123
9,516.8583,503.75,33,15.6624,1.0260
10,533.3700,540.63,33,16.1627,0.9866
11,516.6362,546.46,33,15.6556,0.9454
12,543.9945,546.27,34,15.9998,0.9958
13,604.6210,541.85,35,17.2749,1.1159
14,650.6832,576.20,40,16.2671,1.1293
15,516.5257,503.29,33,15.6523,1.0263
16,520.3400,525.97,33,15.7679,0.9893
17,568.3339,591.85,40,14.2083,0.9603
18,478.2647,483.04,31,15.4279,0.9901
19,496.6138,529.43,37,13.4220,0.9380
20,396.7890,524.97,35,11.3368,0.7558
21,674.3259,639.70,43,15.6820,1.0541
22,468.4642,501.82,31,15.1117,0.9335
23,637.5298,520.44,37,17.2305,1.2250
24,650.6738,594.08,40,16.2668,1.0953
25,622.7543,582.92,41,15.1891,1.0683
26,644.4055,543.90,38,16.9580,1.1848
27,604.4259,604.42,40,15.1106,1.0000
28,609.1352,590.15,38,16.0299,1.0322
29,524.4911,546.01,34,15.4262,0.9606
30,518.1351,525.43,34,15.2393,0.9861
31,568.8278,569.13,38,14.9692,0.9995
32,504.0805,520.12,32,15.7525,0.9692
33,548.8463,562.64,37,14.8337,0.9755
34,605.2721,610.22,39,15.5198,0.9919
35,400.2100,567.41,36,11.1169,0.7053
36,541.0483,677.79,37,14.6229,0.7983
37,619.9475,1079.99,41,15.1207,0.5740
38,598.4116,1114.42,37,16.1733,0.5370
39,691.8394,1025.72,43,16.0893,0.6745
40,400.7573,525.62,33,12.1442,0.7624
41,561.0790,623.76,39,14.3866,0.8995
42,592.0455,626.43,37,16.0012,0.9451
43,550.9349,605.32,36,15.3037,0.9101
44,679.8879,648.47,43,15.8113,1.0485
45,716.3177,671.82,42,17.0552,1.0662
46,701.7655,1008.64,44,15.9492,0.6958
47,538.4258,1048.68,35,15.3836,0.5134
48,586.6574,1108.23,37,15.8556,0.5294
49,681.4859,767.79,43,15.8485,0.8876
50,970.9172,1185.34,59,16.4562,0.8191
51,796.0392,1003.46,48,16.5842,0.7933
52,654.3114,984.68,40,16.3578,0.6645
53,636.7800,1183.44,41,15.5312,0.5381
54,927.9876,1386.44,58,15.9998,0.6693
55,718.7079,792.41,42,17.1121,0.9070
56,735.0299,597.22,44,16.7052,1.2308
57,799.9675,683.27,49,16.3259,1.1708
58,710.1586,609.44,45,15.7813,1.1653
59,636.8005,590.18,40,15.9200,1.0790
60,629.8098,571.35,38,16.5739,1.1023
61,654.4211,607.34,40,16.3605,1.0775
62,533.5609,603.45,41,13.0137,0.8842
63,578.4953,604.75,39,14.8332,0.9566
64,612.3643,595.20,39,15.7016,1.0288
65,747.7810,635.84,43,17.3903,1.1760
66,720.1481,636.81,44,16.3670,1.1309
67,290.4802,602.24,38,7.6442,0.4823
68,686.4432,570.31,40,17.1611,1.2036
69,733.5129,624.12,45,16.3003,1.1753
70,641.8706,564.86,40,16.0468,1.1363
71,568.4895,566.60,37,15.3646,1.0033
72,688.4126,626.74,42,16.3908,1.0984
73,746.4218,594.47,40,18.6605,1.2556
74,683.1868,635.78,42,16.2664,1.0746
75,567.9970,594.27,42,13.5237,0.9558
76,716.4864,610.99,43,16.6625,1.1727
77,677.4819,627.46,42,16.1305,1.0797
78,642.0197,543.88,38,16.8953,1.1804
79,518.0618,543.99,33,15.6988,0.9523
80,693.6374,607.03,45,15.4142,1.1427
81,584.6213,574.66,34,17.1947,1.0173
82,668.0131,628.83,42,15.9051,1.0623
83,591.7788,545.25,38,15.5731,1.0853
84,464.9597,593.85,41,11.3405,0.7830
85,630.7794,572.98,40,15.7695,1.1009
86,704.4877,553.39,42,16.7735,1.2730
87,622.0584,554.57,39,15.9502,1.1217
88,385.6314,627.07,46,8.3833,0.6150
89,702.8282,563.43,41,17.1422,1.2474
90,656.3905,582.61,41,16.0095,1.1266
91,622.9231,596.42,39,15.9724,1.0444
92,611.7928,594.01,41,14.9218,1.0299
93,226.8655,606.66,43,5.2759,0.3740
94,539.3274,612.48,47,11.4751,0.8806
95,645.3337,622.71,44,14.6667,1.0363
96,706.4942,620.87,46,15.3586,1.1379
97,700.8135,611.22,43,16.2980,1.1466
98,646.4883,588.32,40,16.1622,1.0989
99,592.1591,553.67,39,15.1836,1.0695
100,624.4453,594.04,41,15.2304,1.0512
101,654.5232,604.76,40,16.3631,1.0823
102,548.1820,535.36,36,15.2273,1.0239
103,709.2612,549.42,42,16.8872,1.2909
104,29.7128,638.00,46,0.6459,0.0466
105,682.5797,596.52,43,15.8739,1.1443
106,619.8782,560.24,38,16.3126,1.1064
107,520.9542,503.71,33,15.7865,1.0342
108,673.8228,608.36,41,16.4347,1.1076
109,552.6346,581.39,41,13.4789,0.9505
110,677.2503,597.69,42,16.1250,1.1331
111,526.3823,491.37,31,16.9801,1.0712
112,589.2126,535.03,40,14.7303,1.1013
113,639.9266,565.43,42,15.2363,1.1317
114,632.2973,556.69,42,15.0547,1.1358
115,601.1775,533.79,38,15.8205,1.1263
116,697.2377,605.84,43,16.2148,1.1509
117,689.3031,569.42,41,16.8123,1.2105
118,716.4412,578.61,41,17.4742,1.2382
119,713.1585,586.38,41,17.3941,1.2162
120,568.4193,553.61,36,15.7894,1.0267
121,421.6522,474.86,28,15.0590,0.8880
122,611.4095,587.98,40,15.2852,1.0398
123,631.2227,586.57,41,15.3957,1.0761
124,697.5724,603.89,44,15.8539,1.1551
125,657.6436,523.19,37,17.7742,1.2570
126,770.0965,667.72,49,15.7163,1.1533
127,753.8877,663.71,50,15.0778,1.1359
128,734.2609,672.02,48,15.2971,1.0926
129,627.8794,590.36,40,15.6970,1.0635
130,717.2815,533.72,39,18.3918,1.3439
131,867.1013,704.78,55,15.7655,1.2303
132,739.8366,653.90,47,15.7412,1.1314
133,696.8921,634.99,44,15.8385,1.0975
134,581.4683,513.89,35,16.6134,1.1315
135,882.6517,662.83,53,16.6538,1.3316
136,693.8953,574.89,43,16.1371,1.2070
137,564.1605,523.73,36,15.6711,1.0772
138,704.0176,596.11,43,16.3725,1.1810
139,714.6116,656.56,46,15.5350,1.0884
140,604.4829,603.36,39,15.4996,1.0019
141,617.6829,560.49,38,16.2548,1.1020
142,615.0414,555.42,39,15.7703,1.1073
143,846.0106,667.65,48,17.6252,1.2671
144,222.1813,821.89,36,6.1717,0.2703
145,750.8834,1292.36,47,15.9762,0.5810
146,631.1941,1105.50,38,16.6104,0.5710
147,720.1963,721.84,41,17.5658,0.9977
148,605.9653,594.73,38,15.9465,1.0189
149,793.8438,712.83,47,16.8903,1.1136
150,766.9722,954.00,41,18.7066,0.8040
151,672.9177,1223.96,45,14.9537,0.5498
152,708.6710,1092.02,40,17.7168,0.6490
153,790.2579,792.24,42,18.8157,0.9975
154,541.4234,1037.59,44,12.3051,0.5218
155,637.1433,832.49,41,15.5401,0.7653
156,805.3687,1095.67,44,18.3038,0.7350
157,716.2617,1221.29,45,15.9169,0.5865
158,932.9584,1303.22,56,16.6600,0.7159
159,620.0616,696.00,40,15.5015,0.8909
160,1018.8474,808.52,65,15.6746,1.2601
161,732.9344,601.99,42,17.4508,1.2175
162,596.5052,545.69,40,14.9126,1.0931
163,696.0390,620.70,46,15.1313,1.1214
164,1097.2508,747.99,61,17.9877,1.4669
165,841.3119,652.65,48,17.5273,1.2891
166,766.3094,629.00,46,16.6589,1.2183
167,692.0607,615.33,43,16.0944,1.1247
168,831.6429,682.95,51,16.3067,1.2177
169,704.1727,611.79,41,17.1749,1.1510
170,884.2271,664.62,51,17.3378,1.3304
171,760.7877,600.57,45,16.9064,1.2668
172,567.3575,607.15,45,12.6079,0.9345
173,455.8584,576.09,41,11.1185,0.7913
174,495.8803,478.53,30,16.5293,1.0363
175,576.8733,508.40,34,16.9669,1.1347
176,954.7670,705.65,56,17.0494,1.3530
177,866.4919,651.18,50,17.3298,1.3306
178,751.9307,604.02,46,16.3463,1.2449
179,960.0321,706.06,55,17.4551,1.3597
180,1034.2466,706.71,63,16.4166,1.4635
181,974.6133,696.60,56,17.4038,1.3991
182,823.9074,627.39,48,17.1647,1.3132
183,906.7011,646.14,48,18.8896,1.4033
184,960.2603,682.26,49,19.5971,1.4075
185,369.9359,490.39,36,10.2760,0.7544
186,672.4988,574.48,41,16.4024,1.1706
187,674.7307,563.14,37,18.2360,1.1982
188,806.7914,601.76,47,17.1658,1.3407
189,812.9292,620.27,49,16.5904,1.3106
190,727.3765,572.82,46,15.8125,1.2698
191,675.8985,554.91,41,16.4853,1.2180
192,694.9591,550.57,38,18.2884,1.2623
193,748.8247,610.85,45,16.6405,1.2259
194,404.7537,434.47,25,16.1901,0.9316
195,410.9952,441.90,26,15.8075,0.9301
196,850.1693,641.92,51,16.6700,1.3244
197,803.4406,611.54,47,17.0945,1.3138
198,886.8384,664.57,53,16.7328,1.3345
199,593.5217,543.36,37,16.0411,1.0923
200,818.5226,644.56,48,17.0526,1.2699
201,537.1028,590.37,41,13.1001,0.9098
202,709.6342,590.89,43,16.5031,1.2010
203,664.1873,543.92,38,17.4786,1.2211
204,662.5208,544.57,42,15.7743,1.2166
205,814.6688,573.26,46,17.7102,1.4211
206,437.7092,396.40,27,16.2115,1.1042
207,571.8807,507.46,37,15.4562,1.1270
208,834.6228,586.63,47,17.7579,1.4227
209,680.7062,546.03,39,17.4540,1.2466
210,794.6395,630.28,49,16.2171,1.2608
211,806.9503,624.47,48,16.8115,1.2922
212,405.0318,522.34,37,10.9468,0.7754
213,628.6789,559.22,38,16.5442,1.1242
214,742.5059,549.39,43,17.2676,1.3515
215,750.4484,558.15,42,17.8678,1.3445
216,504.7887,424.72,27,18.6959,1.1885
217,786.9635,596.98,47,16.7439,1.3182
218,812.8956,571.64,48,16.9353,1.4220
219,671.1421,537.02,41,16.3693,1.2498
220,910.0250,651.02,53,17.1703,1.3978
221,697.3053,512.98,38,18.3501,1.3593
222,662.1312,494.40,37,17.8954,1.3393
223,734.5784,622.35,45,16.3240,1.1803
224,768.3392,606.86,47,16.3476,1.2661
225,801.1593,598.20,46,17.4165,1.3393
226,818.8219,628.88,49,16.7107,1.3020
227,745.6351,599.96,44,16.9463,1.2428
228,734.2237,596.30,47,15.6218,1.2313
229,802.3936,607.94,47,17.0722,1.3199
230,788.5108,552.73,46,17.1415,1.4266
231,732.9308,600.46,45,16.2874,1.2206
232,526.4416,418.80,30,17.5481,1.2570
233,790.7773,574.19,45,17.5728,1.3772
234,816.3422,625.62,49,16.6600,1.3049
235,962.1055,726.78,56,17.1805,1.3238
236,815.9877,678.64,50,16.3198,1.2024
237,793.8130,629.58,47,16.8896,1.2609
238,772.4845,642.23,46,16.7931,1.2028
239,730.6634,581.57,42,17.3967,1.2564
240,694.7782,543.80,38,18.2836,1.2776
241,748.3734,596.61,46,16.2690,1.2544
242,706.4019,556.70,40,17.6600,1.2689
243,590.9420,541.53,36,16.4151,1.0912
244,671.9592,568.35,41,16.3892,1.1823
245,714.1930,594.10,43,16.6091,1.2022
246,756.2303,620.34,47,16.0900,1.2191
247,470.9392,418.78,27,17.4422,1.1245
248,759.1552,641.50,48,15.8157,1.1834
249,666.9341,552.56,39,17.1009,1.2070
250,789.9054,664.99,48,16.4564,1.1878
251,613.4131,475.38,32,19.1692,1.2904
252,431.5310,415.80,26,16.5973,1.0378
253,456.6743,400.00,25,18.2670,1.1417
254,557.3939,427.03,29,19.2205,1.3053
255,811.4595,552.60,46,17.6404,1.4684
256,758.5892,618.90,46,16.4911,1.2257
257,660.3724,586.66,41,16.1066,1.1257
258,820.8588,673.30,52,15.7857,1.2192
259,876.3221,705.18,57,15.3741,1.2427
260,754.1832,614.26,49,15.3915,1.2278
261,823.1672,659.30,49,16.7993,1.2485
262,723.2441,600.76,42,17.2201,1.2039
263,584.6105,504.27,33,17.7155,1.1593
264,795.8178,617.15,45,17.6848,1.2895
265,370.1129,420.78,23,16.0919,0.8796
266,786.4254,667.17,47,16.7325,1.1788
267,546.8854,643.94,49,11.1609,0.8493
268,875.3053,658.93,49,17.8634,1.3284
269,829.3461,650.25,47,17.6457,1.2754
270,857.7028,643.07,49,17.5041,1.3338
271,791.4246,631.76,48,16.4880,1.2527
272,683.8943,587.03,41,16.6803,1.1650
273,778.5896,592.37,43,18.1067,1.3144
274,902.9440,691.79,53,17.0367,1.3052
275,638.6472,533.82,38,16.8065,1.1964
276,721.7735,634.00,46,15.6907,1.1384
277,703.9922,604.96,43,16.3719,1.1637
278,737.0460,599.23,45,16.3788,1.2300
279,707.9596,554.18,42,16.8562,1.2775
280,755.2467,605.62,44,17.1647,1.2471
281,761.7726,627.25,47,16.2079,1.2145
282,469.8126,440.33,28,16.7790,1.0670
283,527.9750,453.13,30,17.5992,1.1652
284,768.8938,604.90,45,17.0865,1.2711
285,839.4683,683.41,52,16.1436,1.2283
286,710.4626,624.29,44,16.1469,1.1380
287,665.1637,524.42,39,17.0555,1.2684
288,744.5835,636.78,45,16.5463,1.1693
289,438.0360,632.26,47,9.3199,0.6928
290,670.3043,540.95,38,17.6396,1.2391
291,658.8672,577.58,42,15.6873,1.1407
292,603.0054,911.59,37,16.2974,0.6615
293,843.4746,975.70,43,19.6157,0.8645
294,724.8978,851.22,46,15.7586,0.8516
295,652.7319,422.56,40,16.3183,1.5447
296,673.4293,446.40,42,16.0340,1.5086
297,856.9434,572.71,44,19.4760,1.4963
298,794.4160,984.47,45,17.6537,0.8069
299,642.2559,1035.50,44,14.5967,0.6202
300,437.7248,616.13,25,17.5090,0.7104
301,836.6297,594.89,41,20.4056,1.4064
302,692.7370,832.77,42,16.4937,0.8318
303,684.6953,712.49,42,16.3023,0.9610
304,715.3719,883.64,43,16.6366,0.8096
305,929.7818,1113.42,50,18.5956,0.8351
306,684.2640,935.69,41,16.6894,0.7313
307,1431.1286,832.92,72,19.8768,1.7182
308,797.1751,449.41,47,16.9612,1.7738
309,427.7952,300.00,25,17.1118,1.4260
310,681.2158,418.44,44,15.4822,1.6280
311,124.9407,65.92,7,17.8487,1.8952
312,878.4276,501.70,52,16.8928,1.7509
313,720.2901,443.90,46,15.6585,1.6226
314,855.4859,468.76,50,17.1097,1.8250
315,888.1642,442.64,47,18.8971,2.0065
316,841.7049,502.65,50,16.8341,1.6745
317,780.2544,466.67,47,16.6012,1.6720
318,798.8861,445.30,47,16.9976,1.7940
319,629.9093,438.80,41,15.3636,1.4355
320,844.9908,498.30,51,16.5684,1.6957
321,735.9603,451.99,45,16.3547,1.6283
322,637.3773,452.52,41,15.5458,1.4085
323,858.8265,499.39,54,15.9042,1.7198
324,731.4114,448.77,45,16.2536,1.6298
325,762.0153,436.65,45,16.9337,1.7452
326,1125.2212,519.37,59,19.0715,2.1665
327,943.3289,463.38,50,18.8666,2.0357
328,970.9226,463.83,52,18.6716,2.0933
329,782.6166,501.53,50,15.6523,1.5604
330,881.5311,474.93,53,16.6327,1.8561
331,997.0077,469.73,54,18.4631,2.1225
332,228.8403,114.43,14,16.3457,1.9998
333,645.8254,395.61,41,15.7518,1.6325
334,1224.3855,550.54,64,19.1310,2.2240
335,1034.3721,517.87,60,17.2395,1.9974
336,911.3900,466.79,49,18.5998,1.9525
337,914.0686,486.26,53,17.2466,1.8798
338,1144.0820,521.68,62,18.4529,2.1931
339,1067.7098,536.91,62,17.2211,1.9886
340,982.1607,481.98,56,17.5386,2.0378
341,900.5911,508.18,53,16.9923,1.7722
342,870.3833,495.78,53,16.4223,1.7556
343,1269.8411,484.01,56,22.6757,2.6236
344,1596.2962,665.79,88,18.1397,2.3976
345,1302.0158,514.18,66,19.7275,2.5322
346,1349.2548,599.28,71,19.0036,2.2515
347,1274.0320,596.99,74,17.2166,2.1341
348,1244.3169,581.00,67,18.5719,2.1417
349,1018.9089,471.65,53,19.2247,2.1603
350,1323.4747,648.17,78,16.9676,2.0419
351,920.4339,449.17,49,18.7844,2.0492
352,1059.6920,533.41,61,17.3720,1.9866
353,780.9768,476.91,49,15.9383,1.6376
354,948.5453,500.26,54,17.5657,1.8961
355,1265.9218,577.47,69,18.3467,2.1922
356,790.8432,426.27,47,16.8265,1.8552
357,1413.3956,681.58,86,16.4348,2.0737
358,1271.6306,624.04,75,16.9551,2.0377
359,1129.6442,548.96,65,17.3791,2.0578
360,786.1136,403.67,42,18.7170,1.9474
361,748.5755,414.84,44,17.0131,1.8045
362,734.4395,437.39,43,17.0800,1.6791
363,860.6661,406.92,41,20.9919,2.1151
364,1370.8113,636.63,76,18.0370,2.1532
365,810.9628,433.78,45,18.0214,1.8695
366,1225.9235,589.05,71,17.2665,2.0812
367,786.1781,429.67,49,16.0445,1.8297
368,844.2558,446.81,49,17.2297,1.8895
369,778.9752,404.34,41,18.9994,1.9266
370,1097.4137,523.39,63,17.4193,2.0967
371,732.9061,405.94,41,17.8758,1.8055
372,776.5745,404.94,42,18.4899,1.9177
373,878.4917,478.44,51,17.2253,1.8362
374,842.6114,433.76,47,17.9279,1.9426
375,794.2090,428.66,45,17.6491,1.8528
376,716.2681,425.38,43,16.6574,1.6838
377,784.7402,398.87,44,17.8350,1.9674
378,1101.0642,535.18,62,17.7591,2.0574
379,861.1290,410.63,45,19.1362,2.0971
380,685.3626,417.53,42,16.3182,1.6415
381,1037.0295,472.70,53,19.5666,2.1938
382,926.6943,512.45,57,16.2578,1.8084
383,1224.9108,542.65,66,18.5593,2.2573
384,682.2532,440.89,46,14.8316,1.5474
385,831.4409,428.81,48,17.3217,1.9389
386,932.4533,460.54,52,17.9318,2.0247
387,868.3239,459.94,51,17.0260,1.8879
388,1145.9140,537.43,65,17.6294,2.1322
389,694.3990,387.55,41,16.9366,1.7918
390,1013.7572,453.43,52,19.4953,2.2357
391,804.8623,457.80,48,16.7680,1.7581
392,934.6107,427.52,46,20.3176,2.1861
393,805.7313,358.81,39,20.6598,2.2456
394,776.8509,382.75,41,18.9476,2.0297
395,823.2121,423.54,45,18.2936,1.9437
396,812.6561,432.71,46,17.6664,1.8780
397,1274.8344,554.20,69,18.4759,2.3003
398,740.9654,378.06,42,17.6420,1.9599
399,1507.8675,640.44,82,18.3886,2.3544
400,1119.1511,527.35,61,18.3467,2.1222
401,1124.3184,473.77,54,20.8207,2.3731
402,954.6673,473.02,53,18.0126,2.0182
403,1488.4922,630.12,80,18.6062,2.3622
404,1101.7788,504.06,59,18.6742,2.1858
405,970.7655,491.09,56,17.3351,1.9767
406,1570.6004,639.10,83,18.9229,2.4575
407,1838.2219,718.14,99,18.5679,2.5597
408,1343.2261,573.51,73,18.4004,2.3421
409,1465.0315,608.72,81,18.0868,2.4067
410,1477.7716,548.11,79,18.7060,2.6961
411,1090.5281,488.47,60,18.1755,2.2325
412,1774.0235,673.59,92,19.2829,2.6337
413,1854.4161,779.26,102,18.1806,2.3797
414,1418.5029,667.18,84,16.8869,2.1261
415,1341.2677,628.16,81,16.5589,2.1352
416,1461.4890,637.31,84,17.3987,2.2932
417,1656.5067,668.82,87,19.0403,2.4768
418,1830.1630,727.62,103,17.7686,2.5153
419,2047.5368,714.50,99,20.6822,2.8657
420,1546.3108,664.02,88,17.5717,2.3287
421,1564.8484,741.57,97,16.1325,2.1102
422,1357.8784,636.20,81,16.7639,2.1343
423,1599.1709,737.87,99,16.1532,2.1673
424,1522.3670,620.88,81,18.7947,2.4520
425,1724.0729,677.13,93,18.5384,2.5462
426,1409.2519,654.05,86,16.3867,2.1547
427,1588.4369,659.02,91,17.4554,2.4103
428,1729.3765,661.18,92,18.7976,2.6156
429,1320.9973,572.36,69,19.1449,2.3080
430,1531.2673,648.62,86,17.8054,2.3608
431,1398.3954,657.79,85,16.4517,2.1259
432,1429.0108,658.69,87,16.4254,2.1695
433,1331.1475,635.49,83,16.0379,2.0947
434,1539.2510,718.88,95,16.2026,2.1412
435,1190.1274,605.73,73,16.3031,1.9648
436,1194.1199,605.11,75,15.9216,1.9734
437,985.4687,568.41,66,14.9313,1.7337
438,1171.8691,584.34,73,16.0530,2.0055
439,190.4003,487.94,54,3.5259,0.3902
440,1284.8012,590.72,75,17.1307,2.1750
441,1550.4990,674.68,88,17.6193,2.2981
442,1159.6855,541.66,65,17.8413,2.1410
443,1588.1841,625.77,85,18.6845,2.5379
444,1469.4180,573.74,74,19.8570,2.5611
445,843.1617,534.22,58,14.5373,1.5783
446,1520.6486,657.80,85,17.8900,2.3117
447,1410.0665,589.62,77,18.3126,2.3915
448,1647.5078,634.77,86,19.1571,2.5955
449,963.7577,557.03,61,15.7993,1.7302
450,1071.8468,552.37,64,16.7476,1.9404
451,1526.0773,611.26,80,19.0760,2.4966
452,695.6779,459.84,47,14.8017,1.5129
453,795.5478,565.25,62,12.8314,1.4074
454,1518.4010,610.36,79,19.2203,2.4877
455,523.1804,475.61,50,10.4636,1.1000
456,752.3158,447.20,44,17.0981,1.6823
457,1726.2509,657.56,90,19.1806,2.6253
458,666.8438,434.74,40,16.6711,1.5339
459,1270.3174,545.66,69,18.4104,2.3280
460,648.2400,432.66,41,15.8107,1.4983
461,847.1693,477.44,51,16.6112,1.7744
462,1274.3554,551.39,69,18.4689,2.3112
463,805.8398,472.69,48,16.7883,1.7048
464,1154.9562,509.92,62,18.6283,2.2650
465,698.5497,461.44,46,15.1859,1.5138
466,905.5663,459.72,51,17.7562,1.9698
467,653.9383,453.32,43,15.2079,1.4425
468,308.2421,466.54,46,6.7009,0.6607
469,206.2986,449.68,43,4.7976,0.4588
470,1602.9977,648.30,85,18.8588,2.4726
471,963.9173,483.43,54,17.8503,1.9939
472,767.5405,501.06,49,15.6641,1.5318
473,527.0584,449.71,44,11.9786,1.1720
474,833.2049,417.06,46,18.1132,1.9978
475,433.5166,389.99,35,12.3862,1.1116
476,600.7481,393.63,34,17.6691,1.5262
477,597.0203,383.04,37,16.1357,1.5586
478,406.9911,430.64,38,10.7103,0.9451
479,238.3848,444.14,41,5.8143,0.5367
480,743.9448,431.58,42,17.7130,1.7238
481,348.3850,457.06,43,8.1020,0.7622
482,546.8111,461.18,41,13.3369,1.1857
483,1344.2675,555.24,68,19.7686,2.4211
484,720.5559,440.66,43,16.7571,1.6352
485,630.9195,430.84,44,14.3391,1.4644
486,474.7513,425.51,41,11.5793,1.1157
487,1602.2296,635.76,85,18.8498,2.5202
488,420.9448,428.88,43,9.7894,0.9815
489,-32.1644,474.49,47,-0.6843,-0.0678
490,452.8675,470.81,50,9.0573,0.9619
491,1438.0226,573.68,76,18.9214,2.5067
492,827.2703,455.21,49,16.8831,1.8174
493,1385.6672,577.14,73,18.9817,2.4009
494,201.4940,148.57,13,15.4995,1.3562
495,532.2188,273.74,30,17.7406,1.9442
496,793.0097,456.96,46,17.2393,1.7354
497,758.3321,435.01,45,16.8518,1.7432
498,1451.0772,589.34,75,19.3477,2.4622
499,723.2304,445.52,45,16.0718,1.6233
500,1255.9817,536.09,67,18.7460,2.3429
501,1469.0533,603.89,77,19.0786,2.4326
502,457.8119,472.39,45,10.1736,0.9691
503,901.9904,417.56,48,18.7915,2.1602
504,726.4712,431.06,48,15.1348,1.6853
505,630.7968,394.26,39,16.1743,1.6000
506,790.7885,426.00,43,18.3904,1.8563
507,804.0273,420.99,43,18.6983,1.9099
508,877.6179,411.60,47,18.6727,2.1322
509,656.3484,447.17,48,13.6739,1.4678
510,792.5283,395.62,44,18.0120,2.0033
511,1832.1775,692.54,93,19.7008,2.6456
512,808.6827,415.34,42,19.2543,1.9470
513,784.7984,439.33,44,17.8363,1.7863
514,566.5733,255.03,31,18.2766,2.2216
515,664.6011,271.03,35,18.9886,2.4521
516,1384.5718,562.54,72,19.2302,2.4613
517,1609.6233,637.41,86,18.7165,2.5253
518,876.2127,426.71,47,18.6428,2.0534
519,1380.0559,572.11,73,18.9049,2.4122
520,1631.8105,621.71,82,19.9001,2.6247
521,1370.8234,579.52,71,19.3074,2.3654
522,983.7051,446.81,51,19.2883,2.2016
523,545.0294,486.01,52,10.4813,1.1214
524,934.4676,472.58,52,17.9705,1.9774
525,829.0471,429.72,46,18.0228,1.9293
526,1049.6607,465.31,55,19.0847,2.2559
527,844.0213,446.51,47,17.9579,1.8903
528,960.6232,487.30,54,17.7893,1.9713
529,1628.7101,647.59,86,18.9385,2.5150
530,946.2826,478.38,52,18.1977,1.9781
531,688.9124,338.97,39,17.6644,2.0324
532,250.8367,144.64,15,16.7224,1.7342
533,-1545.5795,450.34,45,-34.3462,-3.4321
534,671.9984,427.10,42,16.0000,1.5734
535,1277.4503,555.43,68,18.7860,2.2999
536,611.1190,434.66,43,14.2121,1.4060
537,1209.9296,523.76,64,18.9051,2.3101
538,784.5876,414.55,42,18.6807,1.8926
539,704.0581,403.38,41,17.1721,1.7454
540,679.4285,387.42,40,16.9857,1.7537
541,1020.9662,461.24,55,18.5630,2.2135
542,1537.3040,603.21,81,18.9791,2.5485
543,629.5044,416.41,43,14.6396,1.5118
544,374.3545,435.58,43,8.7059,0.8594
545,867.8363,426.14,48,18.0799,2.0365
546,760.2571,410.24,43,17.6804,1.8532
547,983.6739,434.66,51,19.2877,2.2631
548,1253.2816,525.69,68,18.4306,2.3841
549,1413.5738,557.61,74,19.1023,2.5351
550,766.6304,410.06,43,17.8286,1.8696
551,690.3788,402.89,42,16.4376,1.7136
552,183.6519,79.35,9,20.4058,2.3144
553,610.0427,312.82,33,18.4861,1.9502
554,721.8525,355.65,36,20.0515,2.0297
555,824.7509,376.76,41,20.1159,2.1890
556,684.1400,357.89,36,19.0039,1.9116
557,720.8105,367.15,38,18.9687,1.9633
558,1212.7571,506.61,64,18.9493,2.3938
559,778.3619,396.34,43,18.1014,1.9639
560,1509.1948,593.57,77,19.5999,2.5426
561,1041.7332,483.85,57,18.2760,2.1530
562,768.6075,404.20,41,18.7465,1.9015
563,1508.9272,584.33,75,20.1190,2.5823
564,746.4519,377.54,40,18.6613,1.9772
565,761.4560,376.53,40,19.0364,2.0223
566,752.6423,377.44,40,18.8161,1.9940
567,766.9937,404.13,42,18.2618,1.8979
568,798.6938,391.24,42,19.0165,2.0414
569,1026.4638,443.06,53,19.3672,2.3168
570,906.1407,426.80,48,18.8779,2.1231
571,937.6876,423.81,47,19.9508,2.2125
572,1592.7573,622.08,82,19.4239,2.5604
573,446.9213,245.64,25,17.8769,1.8194
574,402.7078,192.17,21,19.1766,2.0956
575,820.7867,392.86,41,20.0192,2.0893
576,835.1680,430.75,47,17.7695,1.9389
577,759.5539,415.85,43,17.6640,1.8265
578,743.8508,427.88,41,18.1427,1.7384
579,1125.9721,496.94,57,19.7539,2.2658
580,799.3364,396.49,41,19.4960,2.0160
581,1602.4627,670.40,82,19.5422,2.3903
582,-1556.9973,572.77,63,-24.7142,-2.7184
583,855.4486,445.41,47,18.2010,1.9206
584,755.3856,495.32,47,16.0720,1.5250
585,786.8054,478.00,48,16.3918,1.6460
586,596.8037,557.48,56,10.6572,1.0705
587,882.7215,430.03,48,18.3900,2.0527
588,452.5318,532.18,49,9.2353,0.8503
589,231.0465,485.92,46,5.0227,0.4755
590,1720.4333,681.82,89,19.3307,2.5233
591,294.4242,527.13,56,5.2576,0.5585
592,1493.1758,635.31,78,19.1433,2.3503
593,56.7158,20.01,4,14.1789,2.8345
594,1586.6835,614.76,81,19.5887,2.5810
595,728.3773,420.36,42,17.3423,1.7327
596,945.4836,491.73,50,18.9097,1.9228
597,-992.1107,395.82,32,-31.0035,-2.5065
598,458.7371,482.19,43,10.6683,0.9514
599,1382.0106,552.69,67,20.6270,2.5005
600,896.6109,509.42,49,18.2982,1.7601
601,786.8360,564.83,45,17.4852,1.3930
602,1460.0432,1365.49,72,20.2784,1.0692
603,1243.0508,1165.74,62,20.0492,1.0663
604,1252.0388,842.48,63,19.8736,1.4861
605,705.1124,460.83,39,18.0798,1.5301
606,900.4771,430.71,47,19.1591,2.0907
607,657.7710,538.84,50,13.1554,1.2207
608,719.0826,415.63,37,19.4347,1.7301
609,1534.6582,901.08,82,18.7153,1.7031
610,1442.9639,1454.22,74,19.4995,0.9923
611,857.3875,868.29,43,19.9392,0.9874
612,-41.5881,246.46,18,-2.3104,-0.1687
613,520.7468,631.02,43,12.1104,0.8252
614,1487.1831,1024.49,77,19.3141,1.4516
615,1569.3322,635.22,80,19.6167,2.4705
616,998.7390,467.30,54,18.4952,2.1373
617,1167.3111,588.43,73,15.9906,1.9838
618,868.2506,429.43,48,18.0886,2.0218
619,1153.6392,517.43,62,18.6071,2.2296
620,1256.1728,510.27,63,19.9393,2.4618
621,1412.8021,554.01,70,20.1829,2.5501
622,938.2052,436.46,51,18.3962,2.1496
623,1293.3657,669.43,84,15.3972,1.9320
624,1329.8864,526.34,66,20.1498,2.5267
625,1660.3308,669.01,86,19.3062,2.4818
626,1489.1403,570.68,76,19.5940,2.6094
627,1347.9011,507.87,67,20.1179,2.6540
628,264.3052,136.65,17,15.5474,1.9342
629,1083.8638,466.32,56,19.3547,2.3243
630,1616.1215,618.72,79,20.4572,2.6120
631,1048.6797,606.38,66,15.8891,1.7294
632,265.6238,572.03,62,4.2843,0.4643
633,899.5348,525.93,55,16.3552,1.7104
634,952.0389,520.79,56,17.0007,1.8281
635,693.3959,512.24,55,12.6072,1.3536
636,1088.5155,577.84,61,17.8445,1.8838
637,1025.4799,567.76,59,17.3810,1.8062
638,889.6496,513.69,50,17.7930,1.7319
639,959.7864,521.77,57,16.8384,1.8395
640,1557.8356,575.50,81,19.2325,2.7069
641,1131.3935,470.90,59,19.1762,2.4026
642,1730.1081,631.18,90,19.2234,2.7411
643,1196.8049,527.29,66,18.1334,2.2697
644,566.9359,254.68,31,18.2883,2.2261
645,529.5050,229.48,29,18.2588,2.3074
646,1044.6254,438.02,54,19.3449,2.3849
647,1485.1924,553.25,75,19.8026,2.6845
648,997.8455,471.22,53,18.8273,2.1176
649,667.0787,414.39,46,14.5017,1.6098
650,1719.3140,652.73,90,19.1035,2.6340
651,939.3787,511.37,60,15.6563,1.8370
652,1584.1089,592.04,82,19.3184,2.6757
653,1052.7263,505.01,59,17.8428,2.0846
654,1177.9322,515.62,61,19.3104,2.2845
655,1096.2785,461.66,55,19.9323,2.3746
656,1139.6119,515.45,61,18.6822,2.2109
657,1148.5563,512.83,59,19.4671,2.2397
658,1105.2969,522.46,59,18.7338,2.1155
659,1111.2043,497.29,60,18.5201,2.2345
660,1216.3403,475.26,63,19.3070,2.5593
661,681.4571,263.27,34,20.0429,2.5884
662,976.5952,382.65,53,18.4263,2.5522
663,828.5823,494.20,61,13.5833,1.6766
664,1300.5047,492.22,66,19.7046,2.6421
665,1191.5684,475.75,61,19.5339,2.5046
666,1226.5864,464.84,64,19.1654,2.6387
667,1639.7702,572.05,80,20.4971,2.8665
668,996.8970,470.56,55,18.1254,2.1185
669,1511.6790,574.16,79,19.1352,2.6328
670,1021.8697,509.07,59,17.3198,2.0073
671,1260.6552,521.24,67,18.8157,2.4186
672,918.9026,478.25,55,16.7073,1.9214
673,1294.8744,512.41,69,18.7663,2.5270
674,1559.7353,601.85,80,19.4967,2.5916
675,1654.6168,625.51,86,19.2397,2.6452
676,1036.8585,471.90,56,18.5153,2.1972
677,167.3069,68.44,9,18.5897,2.4444
678,1299.7795,499.22,69,18.8374,2.6036
679,1199.9701,540.90,68,17.6466,2.2185
680,911.1939,500.00,57,15.9859,1.8224
681,924.9885,491.21,56,16.5177,1.8831
682,721.6026,553.25,65,11.1016,1.3043
683,944.2266,492.43,55,17.1678,1.9175
684,1561.6520,607.54,84,18.5911,2.5705
685,1626.1784,613.86,89,18.2717,2.6491
686,1755.3245,645.87,93,18.8745,2.7177
687,1668.1228,609.78,89,18.7430,2.7356
688,471.5288,543.67,65,7.2543,0.8673
689,841.3698,498.74,49,17.1708,1.6870
690,711.3574,483.97,53,13.4218,1.4698
691,356.3722,492.04,50,7.1274,0.7243
692,1067.9155,496.75,58,18.4123,2.1498
693,58.8870,22.78,4,14.7217,2.5847
694,687.8540,483.07,48,14.3303,1.4239
695,1311.8984,520.00,71,18.4774,2.5229
696,693.7348,464.08,52,13.3411,1.4949
697,1467.1790,564.93,77,19.0543,2.5971
698,1404.9168,549.53,76,18.4857,2.5566
699,879.9510,394.68,47,18.7224,2.2296
700,781.2202,436.05,43,18.1679,1.7916
701,1642.4388,610.64,84,19.5528,2.6897
702,834.0800,376.76,45,18.5351,2.2138
703,721.0846,452.01,47,15.3422,1.5953
704,1358.3189,541.70,73,18.6071,2.5075
705,1071.9868,478.50,58,18.4825,2.2403
706,1106.4712,444.02,57,19.4118,2.4919
707,933.3488,469.56,53,17.6104,1.9877
708,946.7284,481.38,55,17.2132,1.9667
709,773.7295,438.19,47,16.4623,1.7658
710,875.5009,457.84,53,16.5189,1.9122
711,197.6742,90.34,10,19.7674,2.1881
712,1017.2135,394.76,54,18.8373,2.5768
713,936.3474,517.95,59,15.8703,1.8078
714,1467.7977,538.57,75,19.5706,2.7254
715,875.3727,500.79,57,15.3574,1.7480
716,823.5204,466.03,51,16.1475,1.7671
717,680.3818,653.50,84,8.0998,1.0411
718,936.2831,559.46,63,14.8616,1.6736
719,1222.4456,526.08,64,19.1007,2.3237
720,1576.2915,590.86,83,18.9915,2.6678
721,934.3291,513.11,57,16.3917,1.8209
722,1045.4329,445.90,55,19.0079,2.3445
723,964.9505,511.42,60,16.0825,1.8868
724,923.3823,481.03,56,16.4890,1.9196
725,893.9327,426.05,49,18.2435,2.0982
726,1073.4635,464.27,56,19.1690,2.3122
727,977.7595,419.31,51,19.1718,2.3318
728,274.0446,214.14,26,10.5402,1.2798
729,482.7004,397.07,47,10.2702,1.2157
730,809.4243,403.34,46,17.5962,2.0068
731,944.6782,506.89,57,16.5733,1.8637
732,865.4714,399.57,47,18.4143,2.1660
733,807.7321,422.93,47,17.1858,1.9098
734,1363.7014,481.76,68,20.0544,2.8307
735,910.5132,466.14,52,17.5099,1.9533
736,827.9863,501.21,57,14.5261,1.6520
737,834.6325,394.54,46,18.1442,2.1155
738,841.2716,500.65,57,14.7592,1.6804
739,914.5531,581.33,70,13.0650,1.5732
740,99.5291,616.08,76,1.3096,0.1616
741,929.0353,442.35,51,18.2164,2.1002
742,559.6096,548.00,69,8.1103,1.0212
743,908.4485,412.63,47,19.3287,2.2016
744,969.3549,568.94,63,15.3866,1.7038
745,920.7485,410.70,49,18.7908,2.2419
746,1045.5739,397.09,51,20.5014,2.6331
747,132.8671,50.91,8,16.6084,2.6098
748,867.5218,419.01,47,18.4579,2.0704
749,1084.1851,478.84,59,18.3760,2.2642
750,769.3803,455.06,50,15.3876,1.6907
751,918.5605,481.75,56,16.4029,1.9067
752,921.3801,436.98,53,17.3845,2.1085
753,1328.8435,512.21,69,19.2586,2.5944
754,1409.2286,518.09,71,19.8483,2.7200
755,882.9222,472.10,54,16.3504,1.8702
756,-1759.2491,578.91,74,-23.7736,-3.0389
757,737.1048,337.80,41,17.9782,2.1821
758,990.2585,403.45,53,18.6841,2.4544
759,1539.9051,523.35,75,20.5321,2.9424
760,947.1477,451.24,56,16.9134,2.0990
761,764.6571,397.95,47,16.2693,1.9215
762,830.6872,355.11,43,19.3183,2.3392
763,945.9615,454.04,54,17.5178,2.0834
764,812.6822,441.10,49,16.5854,1.8424
765,548.6810,348.13,41,13.3825,1.5761
766,274.5485,161.44,20,13.7274,1.7006
767,805.8344,467.88,54,14.9229,1.7223
768,633.5320,502.78,59,10.7378,1.2601
769,795.5406,340.88,40,19.8885,2.3338
770,1538.7627,578.46,82,18.7654,2.6601
771,805.7617,429.57,48,16.7867,1.8757
772,754.3781,477.44,53,14.2335,1.5800
773,862.4083,460.37,52,16.5848,1.8733
774,1712.9662,604.00,90,19.0330,2.8360
775,783.8153,343.16,41,19.1174,2.2841
776,848.2683,433.55,47,18.0483,1.9566
777,837.8542,420.32,49,17.0991,1.9934
778,498.8695,445.54,53,9.4126,1.1197
779,578.7995,450.01,49,11.8122,1.2862
780,838.0421,444.06,49,17.1029,1.8872
781,755.1097,400.56,43,17.5607,1.8851
782,642.9774,307.65,35,18.3708,2.0900
783,753.8619,383.24,44,17.1332,1.9671
784,786.2599,358.90,42,18.7205,2.1908
785,677.0691,414.67,46,14.7189,1.6328
786,45.9973,31.32,4,11.4993,1.4688
787,627.4597,423.02,46,13.6404,1.4833
788,1546.1119,547.36,81,19.0878,2.8247
789,719.5401,434.07,46,15.6422,1.6577
790,701.9719,438.23,48,14.6244,1.6018
791,727.4712,407.73,45,16.1660,1.7842
792,378.5946,410.24,46,8.2303,0.9229
793,514.2011,445.31,48,10.7125,1.1547
794,777.0833,393.95,46,16.8931,1.9725
795,682.2811,326.76,36,18.9523,2.0880
796,736.0306,339.55,40,18.4008,2.1676
797,648.3818,394.95,42,15.4377,1.6417
798,1776.6432,617.51,93,19.1037,2.8771
799,669.9442,393.10,41,16.3401,1.7042
800,449.2265,432.71,47,9.5580,1.0382
801,715.4696,391.64,42,17.0350,1.8268
802,673.7701,435.53,46,14.6472,1.5470
803,627.1717,445.26,46,13.6342,1.4085
804,613.9595,401.43,40,15.3490,1.5294
805,621.0955,397.81,41,15.1487,1.5613
806,572.9038,387.51,38,15.0764,1.4784
807,729.2294,379.43,42,17.3626,1.9219
808,144.7156,65.68,9,16.0795,2.2035
809,414.2714,426.09,45,9.2060,0.9723
810,733.0810,401.91,44,16.6609,1.8240
811,616.5069,421.76,46,13.4023,1.4618
812,1187.2219,434.27,59,20.1224,2.7339
813,570.0739,403.82,42,13.5732,1.4117
814,1015.0774,410.47,53,19.1524,2.4730
815,417.1436,396.03,40,10.4286,1.0533
816,679.8770,379.94,40,16.9969,1.7894
817,1833.1794,618.41,94,19.5019,2.9643
818,956.7877,410.63,52,18.3998,2.3300
819,396.7232,377.79,37,10.7222,1.0501
820,624.5815,401.81,40,15.6145,1.5544
821,706.4339,413.28,45,15.6985,1.7093
822,668.7358,394.21,41,16.3106,1.6964
823,670.7197,398.82,41,16.3590,1.6818
824,759.8180,413.61,47,16.1663,1.8371
825,583.1588,423.24,48,12.1491,1.3778
826,1298.5751,456.31,64,20.2902,2.8458
827,1081.5029,422.35,56,19.3126,2.5607
828,631.7631,430.81,49,12.8931,1.4664
829,191.2265,53.75,8,23.9033,3.5580
830,1476.5990,520.96,78,18.9308,2.8344
831,713.7938,414.18,43,16.5999,1.7234
832,481.9390,440.98,48,10.0404,1.0929
833,875.4154,417.32,47,18.6259,2.0977
834,837.0246,380.31,43,19.4657,2.2009
835,884.5095,414.68,49,18.0512,2.1330
836,620.2132,427.11,47,13.1960,1.4521
837,751.2089,375.42,42,17.8859,2.0010
838,1674.4538,564.26,86,19.4704,2.9675
839,616.0981,394.77,42,14.6690,1.5607
840,1263.4605,454.92,65,19.4379,2.7773
841,1517.3201,526.68,78,19.4528,2.8809
842,1005.5952,463.72,54,18.6221,2.1685
843,1030.8819,401.77,54,19.0904,2.5659
844,883.2133,415.31,49,18.0248,2.1266
845,1025.1348,408.51,54,18.9840,2.5094
846,1290.1344,452.84,64,20.1583,2.8490
847,926.0801,442.92,51,18.1584,2.0908
848,106.9512,42.16,6,17.8252,2.5370
849,884.2781,420.33,50,17.6856,2.1038
850,1511.6125,519.45,77,19.6313,2.9100
851,1437.3701,487.02,72,19.9635,2.9513
852,755.2139,433.77,50,15.1043,1.7410
853,902.1576,435.18,51,17.6894,2.0731
854,1790.2358,608.12,94,19.0451,2.9439
855,737.2011,461.84,49,15.0449,1.5962
856,868.1260,422.38,49,17.7169,2.0553
857,813.7859,416.76,47,17.3146,1.9527
858,852.2994,431.47,49,17.3939,1.9753
859,859.2048,449.65,53,16.2114,1.9108
860,794.9542,471.22,56,14.1956,1.6870
861,565.4473,440.61,50,11.3089,1.2833
862,1285.1910,456.60,64,20.0811,2.8147
863,675.8135,424.24,44,15.3594,1.5930
864,580.3074,399.37,41,14.1538,1.4531
865,670.1374,418.52,46,14.5682,1.6012
866,489.5616,427.46,45,10.8791,1.1453
867,93.3652,125.28,13,7.1819,0.7453
868,396.1874,327.87,36,11.0052,1.2084
869,264.6263,391.83,41,6.4543,0.6754
870,545.9227,386.39,40,13.6481,1.4129
871,736.9401,413.04,43,17.1381,1.7842
872,627.8674,388.50,40,15.6967,1.6161
873,544.8181,401.27,41,13.2882,1.3577
874,564.7879,404.26,44,12.8361,1.3971
875,698.9072,432.13,46,15.1936,1.6174
876,997.8099,409.68,52,19.1887,2.4356
877,606.3156,421.89,46,13.1808,1.4371
878,746.0373,440.50,48,15.5424,1.6936
879,632.4066,411.52,44,14.3729,1.5367
880,909.6592,426.40,49,18.5645,2.1334
881,815.8526,429.16,49,16.6501,1.9011
882,1154.4360,474.66,64,18.0381,2.4321
883,512.5307,406.03,44,11.6484,1.2623
884,1369.7271,524.93,72,19.0240,2.6093
885,459.1102,401.74,42,10.9312,1.1428
886,595.5602,431.48,47,12.6715,1.3803
887,427.1301,405.59,44,9.7075,1.0531
888,606.4912,429.73,48,12.6352,1.4113
889,292.7744,178.28,20,14.6387,1.6422
890,613.9362,284.79,37,16.5929,2.1558
891,123.7872,457.19,54,2.2924,0.2708
892,556.5084,442.36,49,11.3573,1.2580
893,896.0026,433.37,51,17.5687,2.0675
894,475.3164,439.01,49,9.7003,1.0827
895,455.5189,409.98,41,11.1102,1.1111
896,957.2370,452.80,54,17.7266,2.1141
897,1389.2434,545.95,76,18.2795,2.5446
898,1449.1653,546.65,78,18.5790,2.6510
899,692.5052,434.75,49,14.1328,1.5929
900,727.2283,430.30,50,14.5446,1.6901
901,892.8785,451.59,54,16.5348,1.9772
902,577.6869,426.76,47,12.2912,1.3537
903,722.4894,439.30,51,14.1665,1.6446
904,616.1806,467.24,57,10.8102,1.3188
905,1916.2842,644.43,104,18.4258,2.9736
906,999.5062,455.79,56,17.8483,2.1929
907,739.4180,397.69,43,17.1958,1.8593
908,149.1555,53.51,9,16.5728,2.7874
909,1030.9269,494.59,60,17.1821,2.0844
910,1030.7302,471.88,58,17.7712,2.1843
911,1045.6336,445.36,57,18.3444,2.3479
912,1863.6180,633.84,99,18.8244,2.9402
913,980.1368,444.78,53,18.4931,2.2037
914,564.3610,430.28,47,12.0077,1.3116
915,523.9641,417.24,46,11.3905,1.2558
916,1712.9697,576.05,88,19.4656,2.9736
917,668.4518,417.88,47,14.2224,1.5996
918,656.5946,460.07,51,12.8744,1.4272
919,904.8429,424.79,50,18.0969,2.1301
920,1345.3231,504.09,68,19.7842,2.6688
921,1725.3890,611.42,93,18.5526,2.8219
922,872.1543,422.57,47,18.5565,2.0639
923,652.9205,430.74,49,13.3249,1.5158
924,737.5224,412.79,44,16.7619,1.7867
925,624.7118,242.68,34,18.3739,2.5743
926,839.0772,304.38,43,19.5134,2.7567
927,823.2787,418.36,48,17.1516,1.9678
928,791.7815,436.49,48,16.4954,1.8140
929,1452.6705,510.60,74,19.6307,2.8450
930,705.6050,396.73,45,15.6801,1.7786
931,1267.6660,466.83,64,19.8073,2.7155
932,884.6841,413.02,48,18.4309,2.1420
933,159.3167,444.97,48,3.3191,0.3580
934,894.8748,434.19,51,17.5466,2.0610
935,1631.3799,567.22,85,19.1927,2.8761
936,1435.3145,471.75,68,21.1076,3.0426
937,1514.5746,542.69,79,19.1718,2.7909
938,1606.5999,553.13,83,19.3566,2.9046
939,213.1469,444.40,50,4.2629,0.4796
940,932.1248,420.41,50,18.6425,2.2172
941,866.7813,421.54,50,17.3356,2.0562
942,456.6330,433.68,47,9.7156,1.0529
943,310.0588,167.63,19,16.3189,1.8496
944,446.9153,260.56,30,14.8972,1.7152
945,807.4290,437.36,50,16.1486,1.8461
946,694.1202,420.45,48,14.4608,1.6509
947,335.6258,455.22,52,6.4543,0.7373
948,1743.2345,582.27,88,19.8095,2.9938
949,839.7356,405.04,47,17.8667,2.0732
950,869.9464,400.28,46,18.9119,2.1733
951,545.0456,423.58,47,11.5967,1.2868
952,860.4233,459.12,54,15.9338,1.8741
953,1117.1778,463.39,59,18.9352,2.4109
954,1635.6622,555.04,86,19.0193,2.9469
955,754.9505,464.60,56,13.4813,1.6249
956,1310.1819,510.14,70,18.7169,2.5683
957,190.2058,492.78,61,3.1181,0.3860
958,1226.3821,507.78,66,18.5815,2.4152
959,1668.9053,549.42,82,20.3525,3.0376
960,1157.1539,388.81,58,19.9509,2.9761
961,393.9412,151.56,23,17.1279,2.5993
962,1126.9458,491.69,62,18.1765,2.2920
963,1371.1196,491.96,69,19.8713,2.7871
964,1766.5934,620.81,97,18.2123,2.8456
965,1184.5155,506.00,67,17.6793,2.3409
966,1729.8515,579.12,88,19.6574,2.9870
967,1499.2423,565.51,82,18.2834,2.6511
968,682.6139,472.86,58,11.7692,1.4436
969,330.7663,578.27,73,4.5310,0.5720
970,1805.6197,617.36,96,18.8085,2.9247
971,714.6077,525.32,68,10.5089,1.3603
972,734.0612,543.88,70,10.4866,1.3497
973,1382.3321,550.59,74,18.6802,2.5106
974,1450.7112,471.99,73,19.8728,3.0736
975,239.9443,120.33,16,14.9965,1.9940
976,1558.8054,544.25,80,19.4851,2.8641
977,1051.3943,495.41,62,16.9580,2.1223
978,1000.0327,461.29,55,18.1824,2.1679
979,1118.4418,420.05,58,19.2835,2.6626
980,1016.2244,441.88,54,18.8190,2.2998
981,860.0962,528.48,66,13.0318,1.6275
982,1102.3964,545.67,73,15.1013,2.0202
983,1187.8142,471.98,59,20.1324,2.5167
984,977.3884,609.83,80,12.2174,1.6027
985,1390.7502,523.10,71,19.5880,2.6587
986,1327.7043,531.35,70,18.9672,2.4988
987,1479.1917,613.81,81,18.2616,2.4098
988,1642.7390,613.31,82,20.0334,2.6785
989,1010.6079,550.29,64,15.7907,1.8365
990,552.9464,244.89,29,19.0671,2.2580
991,628.9376,260.41,34,18.4982,2.4152
992,1151.5014,548.79,70,16.4500,2.0983
993,1167.1531,517.07,62,18.8251,2.2572
994,1144.3923,610.64,71,16.1182,1.8741
995,1400.0443,557.24,78,17.9493,2.5125
996,1170.0009,574.31,70,16.7143,2.0372
997,1266.6295,516.71,66,19.1914,2.4514
998,1212.7933,517.80,68,17.8352,2.3422
999,1793.7021,599.91,92,19.4968,2.9899
1000,1249.0987,490.17,67,18.6433,2.5483
1001,1531.2446,548.90,80,19.1406,2.7897
1002,1204.4376,528.59,65,18.5298,2.2786
1003,992.5489,548.79,71,13.9796,1.8086
1004,1408.0234,538.86,70,20.1146,2.6130
1005,630.8846,287.57,36,17.5246,2.1939
1006,565.8619,271.28,34,16.6430,2.0859
1007,1508.0117,535.08,74,20.3785,2.8183
1008,600.1261,558.77,72,8.3351,1.0740
1009,1511.3237,632.07,88,17.1741,2.3911
1010,1490.7110,626.27,88,16.9399,2.3803
1011,1139.2228,679.19,93,12.2497,1.6773
1012,712.7686,713.63,108,6.5997,0.9988
1013,1429.4830,510.50,72,19.8539,2.8001
1014,1717.5332,640.41,94,18.2716,2.6819
1015,1744.0247,640.77,95,18.3582,2.7218
1016,1271.3139,747.43,104,12.2242,1.7009
1017,1453.4078,557.14,78,18.6334,2.6087
1018,135.1321,38.67,9,15.0147,3.4946
1019,1702.1330,614.70,91,18.7048,2.7690
1020,1833.6508,656.05,100,18.3365,2.7950
1021,1772.1859,618.06,92,19.2629,2.8673
1022,1192.2156,614.60,87,13.7036,1.9398
1023,1657.0196,580.65,89,18.6182,2.8537
1024,1612.1195,639.96,89,18.1137,2.5191
1025,1852.2050,700.66,96,19.2938,2.6435
1026,1467.1603,744.01,91,16.1226,1.9720
1027,1527.7151,716.71,87,17.5599,2.1316
1028,1572.3093,680.90,86,18.2827,2.3092
1029,1502.7576,645.27,83,18.1055,2.3289
1030,225.4174,62.21,11,20.4925,3.6237
1031,1720.0005,606.58,88,19.5455,2.8356
1032,2091.5365,733.30,110,19.0140,2.8522
1033,1923.1895,706.31,99,19.4262,2.7229
1034,1676.4674,692.63,88,19.0508,2.4204
1035,1294.3864,710.45,85,15.2281,1.8219
1036,679.9916,775.25,100,6.7999,0.8771
1037,1957.5674,661.96,100,19.5757,2.9572
1038,911.6004,769.70,92,9.9087,1.1844
1039,1783.4995,731.18,95,18.7737,2.4392
1040,1841.0941,661.99,96,19.1781,2.7811
1041,675.9837,288.39,36,18.7773,2.3440
1042,1116.8443,555.04,69,16.1861,2.0122
1043,1985.3651,704.88,104,19.0900,2.8166
1044,2004.6268,790.38,105,19.0917,2.5363
1045,1902.0700,769.82,104,18.2891,2.4708
1046,1857.1690,654.10,97,19.1461,2.8393
1047,1922.3513,784.39,103,18.6636,2.4508
1048,1715.3574,612.16,91,18.8501,2.8022
1049,1811.0454,792.67,97,18.6706,2.2847
1050,1788.0901,664.05,93,19.2268,2.6927
1051,1683.2022,660.90,94,17.9064,2.5468
1052,-86.0100,367.45,43,-2.0002,-0.2341
1053,-23.0932,393.11,48,-0.4811,-0.0587
1054,1368.9146,717.74,85,16.1049,1.9073
1055,1913.7742,711.17,100,19.1377,2.6910
1056,1824.8651,799.19,103,17.7171,2.2834
1057,1875.4031,702.13,100,18.7540,2.6710
1058,1705.9148,687.14,88,19.3854,2.4826
1059,1792.6774,725.56,91,19.6998,2.4708
1060,1819.5971,750.47,96,18.9541,2.4246
1061,1645.5685,694.93,88,18.6996,2.3680
1062,1816.4432,666.45,97,18.7262,2.7256
1063,1888.9195,684.04,91,20.7574,2.7614
1064,239.9879,110.55,13,18.4606,2.1708
1065,1377.0617,614.91,79,17.4312,2.2394
1066,1984.2692,738.65,105,18.8978,2.6863
1067,1815.0991,666.77,89,20.3944,2.7222
1068,1690.0034,706.60,94,17.9788,2.3917
1069,1567.7198,658.17,85,18.4438,2.3819
1070,1956.8930,729.50,99,19.7666,2.6825
1071,1987.8783,781.43,99,20.0796,2.5439
1072,1810.4904,750.54,97,18.6648,2.4122
1073,1709.1306,690.20,86,19.8736,2.4763
1074,1514.1379,601.87,78,19.4120,2.5157
1075,1473.0544,650.34,81,18.1859,2.2651
1076,152.8300,61.81,8,19.1037,2.4726
1077,1686.2791,680.71,94,17.9391,2.4772
1078,1919.5330,703.99,98,19.5871,2.7266
1079,2009.6701,659.02,97,20.7182,3.0495
1080,1613.2096,595.28,86,18.7583,2.7100
1081,2149.7499,761.36,108,19.9051,2.8236
1082,1579.3661,666.27,85,18.5808,2.3704
1083,1321.8948,768.95,101,13.0881,1.7191
1084,1389.7927,594.92,75,18.5306,2.3361
1085,1300.2921,537.77,67,19.4073,2.4179
1086,1651.0777,624.19,88,18.7622,2.6451
1087,1719.7929,645.52,90,19.1088,2.6642
1088,274.2914,70.28,11,24.9356,3.9026
1089,1722.6594,634.66,91,18.9303,2.7143
1090,2211.9416,689.62,102,21.6857,3.2075
1091,1870.4323,636.84,90,20.7826,2.9371
1092,1373.8106,491.81,72,19.0807,2.7934
1093,1558.8653,564.07,82,19.0106,2.7636
1094,1405.9993,547.60,73,19.2603,2.5676
1095,1547.4959,614.21,85,18.2058,2.5195
1096,1626.4693,614.03,86,18.9124,2.6488
1097,1598.5869,532.10,80,19.9823,3.0043
1098,1486.5430,532.33,73,20.3636,2.7925
1099,1629.2774,615.44,81,20.1145,2.6473
1100,1526.8478,602.18,81,18.8500,2.5355
1101,96.6969,28.48,4,24.1742,3.3954
1102,1457.7912,545.06,75,19.4372,2.6746
1103,1103.4352,460.17,56,19.7042,2.3979
1104,1597.3182,668.59,89,17.9474,2.3891
1105,1019.5579,437.38,49,20.8073,2.3310
1106,1543.8627,564.89,80,19.2983,2.7331
1107,1631.4259,586.63,83,19.6557,2.7810
1108,1148.1981,486.20,58,19.7965,2.3616
1109,1236.2211,488.64,62,19.9391,2.5299
1110,1466.7145,545.87,73,20.0920,2.6869
1111,1267.5992,488.20,66,19.2060,2.5965
1112,1704.9599,590.66,84,20.2971,2.8865
1113,1577.7321,528.04,75,21.0364,2.9879
1114,1430.8644,502.23,67,21.3562,2.8490
1115,1174.8969,450.90,59,19.9135,2.6056
1116,430.8318,192.15,24,17.9513,2.2422
1117,984.6523,351.68,45,21.8812,2.7998
1118,1493.0425,618.71,78,19.1416,2.4131
1119,1740.9289,608.73,78,22.3196,2.8599
1120,1238.7878,526.81,63,19.6633,2.3515
1121,1300.6690,539.70,66,19.7071,2.4100
1122,1213.7494,477.32,60,20.2292,2.5428
1123,1191.0474,635.52,60,19.8508,1.8741
1124,1655.9464,1341.21,76,21.7888,1.2347
1125,1102.1312,1109.93,52,21.1948,0.9930
1126,1773.6727,761.54,74,23.9686,2.3290
1127,1397.3481,1067.38,64,21.8336,1.3091
1128,1188.2247,503.92,59,20.1394,2.3579
1129,1359.2609,541.54,74,18.3684,2.5100
1130,1509.9121,531.24,75,20.1322,2.8422
1131,978.7931,404.05,52,18.8229,2.4225
1132,487.5287,181.42,24,20.3137,2.6874
1133,1030.0233,357.88,53,19.4344,2.8781
1134,1330.2321,447.20,64,20.7849,2.9746
1135,1513.0492,569.64,78,19.3981,2.6562
1136,1812.1362,595.97,81,22.3721,3.0407
1137,1327.0658,464.93,65,20.4164,2.8543
1138,1297.8640,452.06,64,20.2791,2.8710
1139,1404.6649,517.34,71,19.7840,2.7151
1140,1508.1183,629.10,87,17.3347,2.3973
1141,1245.2896,452.95,63,19.7665,2.7493
1142,1063.0168,436.98,56,18.9824,2.4327
1143,1192.1160,436.10,60,19.8686,2.7336
1144,991.0515,421.90,54,18.3528,2.3490
1145,1164.5731,516.04,68,17.1261,2.2568
1146,2210.1522,625.48,94,23.5123,3.5336
1147,779.4856,305.22,42,18.5592,2.5539
1148,512.2709,180.89,24,21.3446,2.8320
1149,1625.9022,544.21,77,21.1156,2.9876
1150,1422.0129,572.24,74,19.2164,2.4850
1151,1585.8019,634.02,80,19.8225,2.5012
1152,1538.0658,640.31,75,20.5075,2.4021
1153,1654.4588,639.34,76,21.7692,2.5878
